hour,pv_generation_kw,load_demand_kw,battery_soc,battery_capacity_kwh,battery_age_years,battery_temp_c,battery_internal_res_mohm,rated_capacity_ah,actual_capacity_ah,grid_available,load_shedding,ev_demand_kw,transformer_loading_pct
00:00,0.0,1.8,60.0,10.0,2.0,27.0,24.0,200.0,180.0,True,False,0.0,38.0
01:00,0.0,1.5,55.0,10.0,2.0,26.5,24.0,200.0,180.0,True,False,0.0,35.0
02:00,0.0,1.4,50.0,10.0,2.0,26.0,24.0,200.0,180.0,True,False,0.0,33.0
03:00,0.0,1.3,46.0,10.0,2.0,25.8,24.0,200.0,180.0,True,False,0.0,32.0
04:00,0.0,1.3,42.0,10.0,2.0,25.5,24.0,200.0,180.0,True,False,0.0,32.0
05:00,0.0,1.6,38.0,10.0,2.0,25.5,24.0,200.0,180.0,True,False,0.0,36.0
06:00,0.4,2.2,34.0,10.0,2.0,26.0,24.0,200.0,180.0,True,False,0.0,42.0
07:00,1.8,2.5,32.0,10.0,2.0,27.0,24.0,200.0,180.0,True,False,0.0,48.0
08:00,3.6,2.8,35.0,10.0,2.0,28.5,25.0,200.0,180.0,True,False,1.5,60.0
09:00,5.2,3.1,48.0,10.0,2.0,30.0,25.0,200.0,180.0,True,False,2.0,68.0
10:00,6.5,3.3,62.0,10.0,2.0,32.0,25.0,200.0,180.0,True,False,2.0,72.0
11:00,7.2,3.5,78.0,10.0,2.0,34.5,26.0,200.0,180.0,True,False,0.0,65.0
12:00,7.5,3.8,92.0,10.0,2.0,37.0,26.0,200.0,180.0,True,False,0.0,68.0
13:00,7.3,3.9,95.0,10.0,2.0,38.5,27.0,200.0,180.0,True,False,0.0,70.0
14:00,6.6,4.1,95.0,10.0,2.0,39.0,27.0,200.0,180.0,True,False,0.0,71.0
15:00,5.4,4.2,95.0,10.0,2.0,38.0,27.0,200.0,180.0,False,True,0.0,0.0
16:00,3.8,4.5,88.0,10.0,2.0,36.5,26.0,200.0,180.0,False,True,0.0,0.0
17:00,1.8,4.8,75.0,10.0,2.0,35.0,26.0,200.0,180.0,False,True,0.0,0.0
18:00,0.2,5.5,60.0,10.0,2.0,34.0,25.0,200.0,180.0,True,False,2.5,92.0
19:00,0.0,5.8,45.0,10.0,2.0,33.5,25.0,200.0,180.0,True,False,2.5,94.0
20:00,0.0,5.2,32.0,10.0,2.0,32.0,25.0,200.0,180.0,True,False,0.0,78.0
21:00,0.0,4.4,24.0,10.0,2.0,30.5,24.0,200.0,180.0,True,False,0.0,65.0
22:00,0.0,3.1,20.0,10.0,2.0,29.0,24.0,200.0,180.0,True,False,0.0,52.0
23:00,0.0,2.2,20.0,10.0,2.0,28.0,24.0,200.0,180.0,True,False,0.0,42.0
