hour,load_kw,solar_kw,grid_on,charge_kw,discharge_kw,grid_kw,unserved_kw,curtailed_kw,soc_pct,battery_temp_c,battery_voltage_v
0,1.024,0.0,1,2.105,0.0,3.13,0.0,0.0,90.0,27.88,51.2
1,0.917,0.0,1,0.0,0.0,0.917,0.0,0.0,90.0,23.17,51.2
2,1.06,0.0,1,0.0,0.0,1.06,0.0,0.0,90.0,23.0,51.2
3,1.08,0.0,1,0.0,0.0,1.08,0.0,0.0,90.0,23.17,51.2
4,0.873,0.0,1,0.0,0.0,0.873,0.0,0.0,90.0,23.67,51.2
5,1.041,0.0,1,0.0,0.0,1.041,0.0,0.0,90.0,24.464,51.2
6,1.509,0.0,1,0.0,0.0,1.509,0.0,0.0,90.0,25.5,51.2
7,1.911,0.913,1,0.0,0.0,0.998,0.0,0.0,90.0,26.706,51.2
8,2.197,1.754,1,0.0,0.0,0.443,0.0,0.0,90.0,28.0,51.2
9,1.827,2.442,1,0.615,0.0,0.0,0.0,0.0,95.842,30.524,51.667
10,1.598,3.214,0,0.438,0.0,0.0,0.0,1.178,100.0,31.375,52.0
11,1.235,3.674,0,0.0,0.0,0.0,0.0,2.439,100.0,31.536,52.0
12,1.04,3.579,1,0.0,0.0,0.0,0.0,2.539,100.0,32.33,52.0
13,1.1,3.331,1,0.0,0.0,0.0,0.0,2.231,100.0,32.83,52.0
14,1.061,2.989,0,0.0,0.0,0.0,0.0,1.928,100.0,33.0,52.0
15,1.013,2.628,0,0.0,0.0,0.0,0.0,1.615,100.0,32.83,52.0
16,1.308,1.867,1,0.0,0.0,0.0,0.0,0.559,100.0,32.33,52.0
17,1.523,0.957,1,0.0,0.0,0.957,0.0,0.0,100.0,31.536,52.0
18,2.369,0.0,1,0.0,0.0,2.369,0.0,0.0,100.0,30.5,52.0
19,2.754,0.0,1,0.0,0.0,2.754,0.0,0.0,100.0,29.294,52.0
20,2.956,0.0,0,0.0,2.956,0.0,0.0,0.0,68.888,33.911,47.738
21,2.614,0.0,0,0.0,2.614,0.0,0.0,0.0,41.368,31.935,45.741
22,2.43,0.0,1,3.0,0.0,5.43,0.0,0.0,69.868,31.5,49.589
23,1.629,0.0,1,2.119,0.0,3.748,0.0,0.0,90.0,28.703,51.2
